Account,Title,Subscribers,Views,Likes,Comments,Shares
billieeilish,BILLIE EILISH,41600000,95000000,18100000,151000,54800
badbunny,Bad Bunny,13400000,33300000,7300000,101900,106800
chipmunksoftiktok,Chipmunks of TikTok,11400000,25000000,3000000,21800,64200
charlidamelio,charli d‚Äôamelio,135400000,18700000,2600000,54700,35200
yessicadcs,Yessica y Moises ü¶ú,263700,16700000,1400000,16200,138400
therock,The Rock,49700000,24700000,3000000,30900,16400
the_pruld,ThePruld,433300,12200000,2700000,36300,56600
lukedonkin,Luke Donkin,2000000,14000000,2400000,34000,54900
mastertingus,mastertingus,1300000,13400000,2000000,32500,44100
txt.bighitent,TOMORROW X TOGETHER,15300000,7200000,2200000,57200,31000
besttoks,Best of TikTok,1800000,55900000,1500000,3300,12700
machinegunkelly,Colson,3200000,17500000,1400000,26800,23300
jenniferkershner,Jennifer Kershner,12500,6400000,1600000,22600,62000
noahschnapp,Noah Schnapp,20100000,8600000,1800000,42000,11300
bdylanhollis,B. Dylan Hollis,6400000,9100000,1500000,12400,46100
fisherbenny,Benjamin Bakke,3700000,13100000,1100000,7000,41700
sylvaniandrama,Sylvaniandrama,1800000,5500000,1300000,32700,56500
iamferv,Fernanda,24600000,12900000,1900000,15800,8300
mercyfno,Mercy,404500,11800000,1400000,17400,18100
userbigbabywithdaoil,Byron Tremain Chandl,601800,8700000,414200,23600,125400
bellapoarch,Bella Poarch,87900000,15400000,1800000,16400,3100
jacobwitzling,Jacob Witzling,236000,9500000,1100000,11600,35400
karna.val,üéÄ–ö–ê–†–ù–ê–í–ê–õüéÄ,22400000,11800000,1300000,17300,12600
kimberly.loaiza,Kimberly Loaiza,59000000,10400000,1600000,22500,4900
parthpatel___,Parth Patel,179600,14100000,1400000,16700,6200
enhypen,enhypen,10100000,4800000,1200000,44300,32200
jasminechiswell,Jasmine Chiswell,14700000,13900000,1900000,13900,1800
khaby.lame,Khabane lame,131100000,13800000,1600000,12700,5900
y_chun,Ê¨∏ÔºÅÈõ®Áæ§ YuChun,1600000,9300000,2600000,5300,10700
miakhalifa,Mia Khalifa,31800000,13800000,1200000,9400,13500
domelipa,Dominik,48500000,9700000,1600000,15000,7400
deepins,deepins,16600000,9700000,1400000,13200,9700
kennethkaas,Kenneth Kaas,102500,12000000,1200000,13000,8300
swagboygorringe,Daniel Gorringe,4500000,5700000,969700,24900,25100
official_nct,NCT Official,7000000,4000000,851700,35500,35700
jao,J√ÉO,1100000,8100000,1200000,15600,9100
kjsmoothh,Kjsmoothh,2000000,6700000,866500,11800,28800
loganpaul,Logan Paul,14000000,12200000,1500000,8800,4300
pongamoslo_a_prueba,Pong√°moslo a Prueba,28100000,13200000,1700000,4600,5600
nei.okey,nei.okey,9700,5200000,1100000,26200,12900
bintangemontersenyum,Gusti Bintang,982600,5700000,718100,19100,34900
mero_428,Mero_428,1300000,585300,70900,3000,5300000
zeth,Zeth,10600000,8500000,1300000,6000,13400
addisonre,Addison Rae,86500000,9500000,1100000,12900,6900
savanahmosss,Savanah Moss,8600000,10300000,1600000,6000,6700
kaliandarie,Kali and arie,327000,8700000,1500000,7900,7400
nilered,NileRed,8400000,6500000,1200000,10800,12200
.raquel_e,"Fe, Fuerza y Esperanza üôèüèª",717700,7200000,194700,1300,128900
mackenzieziegler,Mackenzie Ziegler,22000000,10300000,1600000,7300,3400
kimandnorth,Kim and North,5700000,12700000,1600000,0,8600
kimandnorth,Kim and North,5700000,12700000,1600000,0,8600
druskitv,DRUSKI,3000000,4800000,866700,9000,31800
nicolebernaal,nicolebernaal,3400000,8700000,893400,19600,1300
alexisomman,Alexis Omman,9000000,3700000,799200,11100,43500
trungruoi93,Trung Ru·ªìi,1900000,20400000,677000,2900,8700
the_trickstars,The Trickstars,1600000,4200000,744200,9600,41200
os.sksk,Osama Dawood,3200000,12600000,835500,5800,9100
alexitoxedits,ALEX <3,1900000,3400000,1500000,16700,15100
soysuco,soysuco,8000000,6200000,951700,20200,4000
evcnoble,Everett Noble,9400000,4600000,1000000,5400,25400
nekoglai,–ù–∏–∫–æ–ª–∞–π,8800000,8900000,983100,11200,5100
evlawler,Lawler,4600000,6800000,1000000,7700,12100
ahw5d,Ahmed Ali,2500000,10500000,649100,17700,689
axelwebber,Axel,4100000,7300000,1600000,8100,2700
madison.darwin,madison darwin,50500,18700000,601900,4800,5400
strangehumano,strangehumman NOVA,7600000,7800000,1100000,6800,6200
alexschlab,Alex,997700,5200000,1800000,7600,4500
masonramsey,Mason Ramsey,1800000,10200000,1000000,6100,4100
connordewolfe,Connor DeWolfe,5100000,4600000,1100000,5600,15900
drewafualo,Drew Afualo,5700000,5000000,1100000,13200,5300
johnnysins,JohnnySins,6900000,6000000,667400,10600,14200
fujiiian,Fuji,10300000,9300000,1200000,5400,3200
willsmith,Will Smith,65600000,4800000,736600,6400,20100
jdpantoja,JD Pantoja,25700000,6500000,1200000,10000,1900
thongsoaicavip,Th√¥ng So√°i Ca,873900,8900000,484300,12200,8400
vhackerr,Vinnie,13500000,5000000,742700,16300,7600
fadiljaidi,Fadil Jaidi,6900000,8400000,866300,7400,4500
seventeen17_official,SEVENTEEN,3700000,2500000,932500,22200,14100
sucss.s,A√ßucena Guirra,9200000,6800000,1000000,7600,4200
usnan_tanong,Usnan Tanong,16000,5800000,405900,17400,16200
adrianbliss,Adrian Bliss,4600000,4600000,800300,3400,18000
deborahyowa,Deborah yowa,6600000,11000000,602500,8100,3200
stephaniebeatriz,Stephanie Beatriz,1000000,4400000,940400,6200,10800
candrasptr_,ùó¶ùóºùó∫ùóØùòÜùóÆùóø,494000,3900000,575300,3300,27200
mycaninelife,My Canine Life,134000,3700000,660600,4100,23300
vinnyguadagnino,vinnyguadagnino,2700000,7100000,505100,2300,16200
nguyenphucloi30,Ph√∫c L·ª£i Vlogs üáªüá≥,1000000,4800000,251600,38400,15800
tydollasign,Ty Dolla $ign,576600,5100000,1100000,3200,8900
vanessalopesr,Vanessa Lopes,19300000,6700000,725600,7400,6000
tifannylm,‚ö°Ô∏èTEF,7500000,8700000,1200000,4900,1100
lelepons,Lele Pons,26200000,8100000,901900,2500,6000
mynamsissihab,Mynameissihab,730400,7200000,813100,4300,6100
jakefellman,Jake Fellman,12000000,8200000,603700,8500,3800
thoriqhal,thariqhalilintar,3300000,8000000,1100000,4900,1900
adinross,adin,4600000,5800000,839700,6900,5200
kallmekris,Kris HC,42600000,5600000,1100000,5200,4300
isaiahgarza,Isaiah Garza,7300000,6500000,1100000,4700,3200
lyrico__, ü è Ä…™·¥Ñ·¥è,2800000,3000000,369500,6400,44200
00h.88m,Gui,2500000,4300000,602300,2500,18800
pinchulli,–ò—Ä–∏–Ω–∞ –ü–∏–Ω—á—É–∫,2100000,5400000,566600,2000,15700
soydekko,Soydekko,4400000,5800000,1100000,7700,853
thebenjishowfr,benji,5200000,5400000,717500,5000,7900
thelivingtombstone,The Living Tombstone,1200000,3900000,908900,9100,4800
_monaalawi,mona,11200000,7400000,952300,4600,2400
uncletics,Uncle Tics,3700000,3800000,430200,3300,27200
soojinicoreana,Chingu Amiga,16500000,7500000,1200000,3800,1700
agc.andy,andy,2400000,3500000,851000,6800,9400
dima_maslen,–î–º–∏—Ç—Ä–∏–π –ú–∞—Å–ª–µ–Ω–Ω–∏–∫–æ–≤,4500000,6000000,648600,10400,2100
girlsontop_sm,Girls On Top,1000000,4800000,1000000,5900,3700
nicocaponecomedy,nicocapone.comedy,18900000,9300000,516900,2900,7100
mrbeast,MrBeast,32900000,4300000,642200,13500,3300
selinamichelle96,selinamichelle96,20500,3500000,650700,3100,17200
billlnai,nai,8300000,5000000,1200000,4900,3100
give_my_oscar,give_my_oscar,862100,3900000,626900,2700,15700
piperrockelle,Piperrockelle,8200000,4300000,527100,17000,2700
amauryguichon,Amaury Guichon,2500000,5700000,672500,4500,7000
sofarsabi,SOFARSABI,5100000,6100000,755600,7600,1600
joaoguilherme,jo√£o guilherme tlg?,6300000,5500000,726100,8100,2400
c4tluvr666,kennedy,2200000,5300000,1100000,4900,2000
zachking,Zach King,67100000,10600000,709800,3200,2200
ayesebastien,Sebastien,7000000,4500000,716500,3900,8900
jake2r,"Jake2r, Ph.D.",1800000,2900000,666500,3900,17000
murda10k,MURDA10K,1800000,3700000,1000000,5000,5900
itssassagurl,Sassa Gurl,4600000,4300000,665700,7300,6900
gingerbilly1,GingerBilly1,5600000,2800000,322600,3000,41200
beniju03,BENIJU,2100000,4200000,679400,11100,2800
madisonpettis,Madison Pettis,2500000,5600000,980200,3100,4100
dixiedamelio,dixie,57000000,6200000,705400,5900,3000
elrodcontreras,RODü•¥,39300000,5000000,801600,8200,1500
qamar_altaey,ìÜ©ùëÑùê¥ùëÄùê¥ùëÖ¬π‚Å∂ìÜ™,2500000,4300000,391900,10900,11800
jennmelon,Jenn Melon,1800000,3400000,888800,5600,7000
nourmar5,nourmar5,14200000,4100000,312700,15400,14200
jaykindafunny8,Jaykindafunny,22300000,12000000,467800,2600,4000
itsjulia.a,julia,16700,4500000,748500,3800,7000
spencer_serafica,Xspencer,11800000,4900000,821900,6600,2500
angelaaguilar_,Angela Aguilar :),8100000,10500000,747900,2600,2000
pkllipe,Pk,15700000,5100000,775500,3700,5300
hayleygeorgiamorris,Hayley Morris,2700000,3300000,489600,2200,19400
twice_tiktok_official,TWICE,13200000,2400000,779200,13800,4800
lexibrookerivera,Lexi Rivera,20500000,5700000,682800,5900,2700
theandrewschulz,Andrew Schulz,2100000,4200000,445600,1800,16100
kallmewhateveryouwant,kallmewhateveryouwant,10600000,5000000,713800,4600,4700
larrayeeee,LARRAY,25500000,4400000,797700,6800,2600
anaraquelhz,Raquel,2600000,4500000,376900,4700,14300
mr_paul.boy,"–ü–∞—É–ª, –ª–∏–±–æ –ø—Ä–æ—Å—Ç–æ –ü–∞—à–∞",6700000,4100000,806800,5300,4300
connoralik,–ö–æ–Ω–Ω–æ—Ä,7400000,8300000,645700,3100,2800
unkabogableviceganda,Vice Ganda,8200000,7500000,813500,3300,1900
ivanzolo2004,Vanya Zolochevsky,3400000,5500000,409000,11600,2400
charlieputh,Charlie Puth,15400000,5400000,778700,5700,1600
fayx.lct,F√°tima üíúüå∑,2900000,2600000,447100,25700,1200
thecoreyb,Corey B,8300000,3300000,427500,1800,20200
liquidverve,@liquidverve,1100000,10100000,926500,1400,1900
lai8747,LAi65,1800000,5300000,446100,8100,4800
max7424453118,Max Taylor,2800000,3500000,572600,5200,9500
bella.k.hadid,Bella Hadid,4000000,4100000,763100,6300,3200
bayashi.tiktok,„Éê„É§„Ç∑ü•ëBayashi,19300000,5800000,673900,5500,1800
virginiafonseca,Virginia,29100000,6000000,766000,4400,1800
pigpongyt,PigPong,2500000,9000000,625300,2500,2500
halsey,Halsey,4100000,3700000,692500,6200,4700
com.yuta0305,„Äê„Ç≥„É†„Éâ„ÉÉ„Éà„Äë„ÇÜ„ÅÜ„Åü,960300,2500000,346300,20100,12800
aliprasetya6,alii,6400,5100000,469900,4000,7400
joshiiwuhhh,Joshua Alden,3000000,6300000,722700,1600,4300
yesikanoemitamayo,Yesika Tamayo,936200,3000000,1000000,2400,6600
eyavanana,Eya,8700000,4900000,773100,5100,2000
arigameplays,AriGameplays,18000000,4800000,656500,5500,3000
thallyssonsb,Thallysson Borges,7700000,3400000,558000,5400,8800
jamescharles,James Charles,35700000,6100000,672700,5400,1100
kervo.dolo,Kervo.dolo,4600000,4300000,619800,3000,6900
tombrady,Tom Brady,3300000,3800000,485700,10600,3700
thealpharaid,CinaPop Buff,175500,4400000,398600,3800,11100
luxurydark,LuxuryDark,1300000,4200000,362300,10700,6100
mdmotivator,Zachery Dereniowski,5600000,6300000,866700,3100,1500
christianfabiannn,Christian Fabi√°n D.,11100000,5600000,682500,5900,599
trainee_a,Trainee A,2200000,2500000,590900,9500,7000
mikaylahau,Mikaylah,4100000,4100000,528300,2600,8500
mieayamthebstt,Unaaüçú,12300000,5100000,621000,5800,1800
shayrudolph,hi i‚Äôm shay,2700000,3000000,672300,8300,3300
louflores_,Lou Flores,2600000,4000000,470400,1300,11000
charlidameilo,Not impersonating,1400000,2700000,415800,8000,12200
01ayres,Yeol Ayres D.A.,5500000,4400000,728200,4200,2700
samkamusic,INSTASAMKA,11700000,4700000,548000,5000,3500
tararistic4,Tara Ristic,607400,3400000,267200,3700,20300
ferchugimenez,Fernanda,3400000,5600000,704600,2100,3400
aliciacastro___,Alicia Castro,2300000,5200000,900800,3200,1400
mkbhd,Marques Brownlee,1300000,3400000,450600,3200,10700
angryreactions,Oneya D‚ÄôAmelio,25500000,4700000,533000,5900,2500
joaoumdoce,Jo√£o Doce,1900000,6400000,453500,4300,2900
brittikitty,Brittany & Lily,10900000,3400000,422400,5300,9200
adifishy,adifishman,2300000,21500000,397000,1100,1300
hannahstocking,Hannah Stocking,25600000,6200000,960700,2500,883
shindonggg,Ïã†Îèô ShinDong,1600000,3000000,563100,7500,4500
luelvesfelix,Luelves Felix,4000000,3600000,371900,2500,12300
aviranisha,Avira Nisha,2800000,5700000,720300,3900,915
itskeyonn,Keyon,572400,1900000,492800,6400,14600
lindseyjswyatt,lindseyjsw,1900000,3600000,735900,4700,2600
samseats,Sam Way,8600000,4200000,665600,3400,3400
lachama4_ff,LA CHAMA ·¥∞,7500000,3700000,512900,9400,677
siennamae,siennamae,13800000,17500000,423100,0,2600
prillylatuconsina15,prilly latuconsina,6000000,3700000,520500,3600,6100
itsmenicksmithy,Nick Smithyman ü§ì,5100000,2800000,447300,7200,7400
emilen_im,–≠–º–∏–ª—å–µ–Ω,4000000,5300000,663100,4000,1200
abir.sag,Abir e sag,9200000,3300000,401700,9300,4000
ynchq,–ØN,3000000,4100000,613300,2700,4200
christiankesniel,kesniel,2100000,4700000,661800,3800,1800
bittersweetbynajla,bittersweet by najla,4300000,3700000,491500,8100,1300
theovon,Theo Von,1300000,3300000,346000,2600,12300
abbieherbert,AbbieHerbert,11500000,5900000,704000,2300,1700
yesimresmi1,~YE≈ûƒ∞M,15800000,7000000,396700,4200,1800
asasteinars,√Åsa Steinars,352800,4200000,1600000,1200,1300
thesupercole,Cole LaBrant,21900000,5300000,627100,4000,966
sergioramos,Sergio Ramos,9200000,4400000,514900,6000,1100
cerolzera,CEROL,3800000,2400000,335200,17100,3400
taniadulce1,üç≠üç¨Tania Dulceüç¨üç≠,2900000,5100000,262700,11400,756
yns_btray,yns_ rg üï∑,603700,5500000,355900,4200,4000
yungdaddycack,Devin Santiago,615200,2600000,449000,7200,6700
caleb.finn,Ôº≥ÔΩîÔΩÅÔΩô„ÄÄÔΩàÔΩôÔΩÑÔΩíÔΩÅÔΩîÔΩÖÔΩÑ„ÄÄÁ∑Ø‰ø∫„Å™,14700000,4700000,815100,3300,842
history.war,Your HistoryTube,3000000,12700000,487800,1300,1200
user4350486101671,user4350486101671,16100000,2800000,534600,7000,3500
mang_ari8450,Mang Ari,3500000,6900000,303900,6700,701
jaimeonod,Jaime Onod,926300,2900000,352700,9200,6000
iamjonathanpeter,Jonathan Peter,12200000,4200000,586600,2200,4100
mmmjoemele,Joe Mele,20400000,5500000,606800,2200,2400
gritside,gritside,3300000,3300000,389800,1700,10200
keniaos,KeniaOs,13300000,3200000,539500,6400,2300
hoaa.hanassii,ƒê√†o L√™ Ph∆∞∆°ng Hoa,9400000,5300000,638800,3100,1300
jamesmaddison,James Maddison,1200000,3300000,363500,11900,514
williesalim,WILLIE SALIM,7000000,5900000,473100,3900,1400
maxtaylorlifts,Max Taylor,7100000,2600000,478200,5000,6700
championsleague,Champions League,8700000,3900000,540200,3400,3500
imdopemar,Amar Mujkanovic,3400000,2400000,382900,5500,10200
ndn2307,Ng√¥ ƒê√¨nh Namüí¶,4200000,6900000,615200,2700,733
colleen,Colleen Ballinger,8600000,3900000,743000,3200,1700
nessaabarrett,Nessa Barrett,17800000,3300000,426800,4800,5200
blythe,Andrea Brillantes,16700000,6000000,553100,2200,2000
sunduk91,–°–£–ù–î–£–ö,1700000,3600000,191900,912,19300
oliviagobrien,liv,1400000,3500000,607000,4000,2500
arroncrascall,Arron Crascall ,4300000,2600000,268900,2800,16400
tooturnttony,Tooturnttony,14500000,5400000,375900,3200,3300
daregularsauce,DaRegularSauce,839500,2800000,545700,4900,3700
arfaytb,ARFAYTB,249300,2100000,348200,1100,16400
joaoferdnan,Jo√£o Ferdnan,7100000,2100000,353900,6200,11200
ser_jay,Hello It‚Äôs me SerJay,4400000,2500000,448200,2800,8700
maiaknight,Maia Knight,7200000,4200000,729600,3000,1100
xpersss,ùê®ùêØùêûùê´ùê•ùêöùê≤‚Äôùê¨,599700,2500000,453600,1800,9300
trevorwallace,trevor wallace,6900000,3000000,392600,1300,9400
p0_2,ŸÖÿ¥ÿßÿ±Ÿä ÿ®ŸÜ ÿπÿ®ÿØÿßŸÑÿπÿ≤Ÿäÿ≤    -,1300000,4400000,219800,11400,1700
i_am_doshik1,i_am_doshik,18300000,4000000,430500,6300,1000
francoescamillaofficial,Franco Escamilla,10900000,3800000,497900,762,5800
honeybobabear,HoneyBobaBear,7200000,5200000,620000,3000,823
jackjos3ph,Jack Joseph,2300000,2400000,327500,5000,10700
nikkietutorials,nikkietutorials,4800000,4100000,628300,3200,1600
cellat36,cellat36,8100000,3500000,252700,10700,3100
claragnds,Maria Clara Garcia,15200000,3400000,401100,6400,2500
ericfinchofficial,Eric Finch,2700000,6100000,213200,2400,7000
jbdjebb,Jean-Baptiste Djebbari,810000,2800000,486700,6800,2200
basechkaa,basechka,107900,2300000,432700,4800,7400
ya_gazdanova,–ù–∏–Ω–∞ –ì–∞–∑–¥–∞–Ω–æ–≤–∞,3000000,3100000,196000,865,18600
rud.petruchi,RA‚Ñ¢,178300,3300000,459500,3200,4600
vhongx44,Vhong Navarro,5100000,4800000,524800,2700,2000
jeffthekiller_xd1,jeff the killer üî™üñ§,592800,2900000,439500,6100,3100
antonioslimgovea,antonioslimgovea,7100000,3200000,459600,1700,6200
rayssabuq,Rayssa Buq,5000000,3000000,403000,5300,4200
josh.zilberberg,Josh Zilberberg,2500000,2100000,259100,915,20000
tommyinnit,Tommy,11200000,2400000,524700,7000,2000
thesierracapri,thesierracapri,2200000,4400000,889200,2200,673
yailinlamasviraloficial_,Yailin La M√°s Viral,1800000,7500000,208400,5600,1600
neildegrassetyson,StarTalk,3800000,2300000,299700,6600,10000
dovecameron,Dove Cameron,7300000,2400000,588500,6400,1400
pollerocho,pollerocho,2600000,3200000,429500,1600,6500
bretmanrock,bretmanrock,13900000,3700000,598600,2700,2300
thee.marlie.b,Big Merla,1700000,1900000,201700,2500,26100
sabrinacarpenter,Sabrina Carpenter,11700000,3700000,474600,4400,1900
andcarli,Anderson Carli,4000000,10100000,338200,2100,1000
its_darcilynne,Darci Lynne,3900000,2400000,838700,3600,1900
artbydemarcusshawn,DemarcusShawn,5800000,2500000,337000,4400,8200
limeu,LIMEU,615600,2700000,456700,2500,6000
official_kep1er,Kep1er,2800000,3300000,489700,3900,2700
rodezel,rodezel,1200000,2700000,497000,3400,4500
willuzi,Willypoo,1200000,1700000,367000,8900,8400
junya1gou,Junya/„Åò„ÇÖ„Çì„ÇÑ,41300000,5300000,184100,5900,4800
rachaeloneil,Rachael O'Neil,907500,2800000,511500,3500,3800
jacksepticeye,Jacksepticeye,3600000,2700000,486000,5400,2400
daniel.khosravi,Daniel Khosravi,3200000,1700000,238200,6200,19200
hmg....4,fourhmg,1700000,2700000,312200,5700,6400
hannahowo6669,hannah‚ô°,5400000,3100000,344400,5100,4600
jdiasss_,Jo√£o Dias,6800000,2800000,502800,4900,2300
flavinhalouise,Flavinhalouise,9900000,3500000,309400,2200,7200
edgardumali,Choox TV,7400000,3300000,385000,5700,2200
mensagensprclaudioduarte,Francisca,1600000,1700000,131500,484,45100
jombospice,JOMBOSPICE,6700000,3000000,348700,7000,2800
belinaysandikci,BELƒ∞NAY SANDIK√áI,1000000,3300000,291800,1600,8700
danielarodrice,Daniela Rodrice,9600000,5300000,789700,1600,790
laurahfritz,laura & lena,2400000,3100000,522000,2200,4000
whoamirony,Irony,293000,2100000,903300,2200,3000
iamcindymiranda,cindy,350800,2200000,247600,8000,9800
lizzo,lizzo,21000000,3000000,604400,4300,1100
sonyakisa8,Cat Sonya,16000000,4300000,315900,1000,6100
fadlyfsl_,band1t üêê,2100000,4700000,531700,2800,1200
astrofalls_,astrofalls,1500000,2000000,504300,6200,3100
nianaguerrero,Niana Guerrero,29600000,3600000,478900,3700,1900
lisav_,–Ω—É –ª–∏–∑,1800000,2600000,541700,2900,3900
michou_yt,Michou,6300000,3900000,515200,3400,1300
siscakohl,Sisca Kohl,10000000,3900000,370600,5300,1100
fabru_blacutt,Fabru,16200000,5200000,426500,3500,775
wenniedapoo,ÈôàÊñáÈæô,313200,2700000,298900,4000,7400
ratuauliaa22,ratuauliatp,11600000,3400000,398600,5400,1400
chamberlin_kevin,Kevin Chamberlin,8200000,2100000,403900,8400,2700
oppomexico,OPPO M√©xico,290100,32200000,116700,1700,771
ayuwisya666,ayuwisya,1500000,3200000,380500,6300,1200
com.yuma1214,„Äê„Ç≥„É†„Éâ„ÉÉ„Éà„Äë„ÇÜ„ÅÜ„Åæ,746400,2200000,332400,7800,4600
dilanjaniyar,Emang namanya Dilan,1500000,4200000,499300,3600,722
shabdanovaaa,SHABDANOVAaa,640500,3000000,300400,564,9400
slavamarlow,–û—Ç–≤—Ä–∞—Ç–∏—Ç–µ–ª—å–Ω—ã–µ –≤–∞–π–Ω—ã,3600000,6900000,450300,2300,621
jahdedios.77,jahdedios,795300,1500000,350500,13900,3700
cesarpantoja.n,Cesar Pantoja,12000000,3000000,413500,6900,348
alexwaarren,Alex warren,14800000,4700000,862400,1400,783
onlyjayus,Isabella Avila,17100000,2400000,383700,6200,3400
brentfordfc,Brentford FC,762600,2600000,308200,6500,4500
codenamejesse,Jesse Hill,1300000,2700000,491700,3300,3300
h2woofficial,H2WO,4900000,3500000,438800,3800,1900
misskatiebug,( Àò ¬≥Àò)‚ô•Ô∏é,820100,1400000,323200,6900,12400
_tusya_kiskis,_Tusya_kiskis,5600000,2400000,247800,3200,11400
jasonderulo,Jason Derulo,51300000,3200000,452000,4000,1900
brandonspam_,Brandon Conner,6800000,3700000,453300,4200,862
brentrivera,Brent Rivera,42400000,3800000,524600,2800,1400
ilusha_help,ilusha_help,4300000,4400000,145700,2000,10900
cbum,Chris Bumstead,1400000,3000000,370900,2400,5200
alaa.ayyman,ALaa Ayman,7400000,5100000,412400,2200,1700
marinemammalrescue,Marine Mammal Rescue,1500000,1300000,335900,3800,14900
phamvinh99,Ph·∫°m Vinh,2400000,4500000,442200,2700,1500
anisatcheba,anis_atc,779600,2400000,147500,3200,20100
thefatkage,FatKage,652700,2800000,490900,3200,2600
jack.wright,jack wright,10200000,3800000,491600,3700,601
baraa.bolat,@baraabolat,1100000,4800000,200500,4800,3600
lights.are.off,LIGHTS ARE OFF,18100000,2800000,357300,4700,3300
pandkourt,Kourtney-Penelope,3000000,3900000,835900,0,2500
chang._.a,Ï∞ΩÌïòCHANGHA,20300000,1900000,399500,9400,1100
itsmatheuscosta,Matheus Costa,4100000,2400000,320500,3400,6900
juliagisella,Julia Gisella,10000000,1500000,297000,6000,11700
notshanebennett,Shane Bennett,2000000,4100000,569800,2500,853
39jeshi,jessy,2100000,1600000,641300,5600,2000
emillyvickof,Emilly Vick,8800000,6100000,522100,1600,902
haileybieber,Hailey Bieber,7400000,2600000,414500,3800,3300
robegrill,Roberto Morales,9600000,3200000,387500,2800,3400
diegodiego_,Diego Cruz,6900000,3100000,481400,3200,1900
nicollefigueroaa,Nicolle Figueroa,9100000,3700000,470100,3300,1100
danythegaggio,Daniele Cabras,2600000,1800000,269900,2900,12700
klrdubs,KLR Dubs,6200000,2000000,385800,1500,8300
benoftheweek,ben de almeida,10000000,2800000,432600,5500,772
cemresolmaz,cemre solmaz,10100000,2900000,218000,10000,1900
jimena.jimenezr,Jimena,22600000,3500000,485000,1800,2600
carolcastromx,Carol Castro,7900000,3800000,527000,3200,517
kalebkonig,Kaleb,1200000,2400000,332500,5000,4500
gemeasdafer,Fernanda Cintra,2200000,3600000,359900,2300,3400
montpantoja,Montpantoja,31600000,3300000,571300,3100,828
scottkress_,scottkress,2700000,1500000,357900,8300,5800
com.yamato0515,„Äê„Ç≥„É†„Éâ„ÉÉ„Éà„Äë„ÇÑ„Åæ„Å®,1600000,2100000,274900,8100,4600
imshawnsutton,Shawn Sutton,4600000,3300000,346900,1500,4800
vadim_rush,–í–∞–¥–∏–º,2800000,2300000,346000,5500,3600
jakepaul,Jake Paul,15900000,3800000,377900,3500,1600
barbaracoura,B√°rbara Coura,7300000,2700000,426800,3600,2600
lucaluceofficial,Luca Luce,1600000,4100000,286100,3700,2500
afrae.es,Afraa,5700000,4800000,317100,1700,3000
_bangtanbtss_,BTS,3700000,1700000,412900,1900,8100
_dirtyelbows,Audrey,5600,2700000,330700,4000,3800
maharanikemala,maharanikemala,3000000,2900000,318800,5500,2100
leeansalinass,LeeanSalinas,898300,4100000,373300,2600,2100
iben_ma,Iben M.A.,5100000,4700000,376800,3600,334
theonlycb3,Charles Brockman III,5000000,2100000,416700,3200,4700
sehataqua,SehatAQUA,172600,24300000,123100,1300,965
divabry,‚ú®Divabry‚ú®,2700000,2600000,394100,2500,4200
efdewee,efdewe üê£,5900000,3400000,238800,7300,1300
murat_yilmaz87,ÿØŸàÿ¥ŸÉÿßÿ≤Ÿäÿ±,964900,5400000,223400,3000,2600
kaan.etm,Kaan,2500000,1700000,384200,6400,4100
betel70,Betel70,524500,3400000,283600,2900,4200
jake.mutch,Jake Mutch,589100,1200000,298500,1300,17400
robsonabreu,Robson Abreu,2900000,2400000,159400,16700,773
jeison_giraldo,JeisonGiraldo,23900000,4600000,565600,2200,395
gemelasabello2,gemelasabello2,12000000,5500000,463800,1100,1500
miketoks,Miketoks,10600000,3300000,365800,2500,2900
nobrutv,Bruno Goes,7800000,3300000,328300,4200,1900
reba,Reba McEntire,2400000,1900000,303400,7400,4000
mndiaye_97,mndiaye_97,14100000,2200000,427500,3700,3200
king.science,King Science,12700000,2200000,592900,3100,1900
ana_eusse,Ana Maria,9600000,4400000,570200,2100,460
___nicoichi___,NICO„ÄêÂπ≥Êàê„Éï„É©„Éü„É≥„Ç¥„Äë,1100000,2600000,297200,4900,3300
leaelui,Lea Elui,16800000,3600000,454100,1900,2000
oironyoliveira,Kbuloso üòà,5600000,1600000,142800,705,26900
beasteater,BeastEater,17400000,4800000,460200,2100,713
alejandroppuente,Alejandro Puente,351700,2000000,363900,5900,2900
chris,Chris Olsen,6400000,3100000,431100,2500,2200
stephen_benihagan,STEPHEN,8700000,5300000,209600,4800,788
milos.guzel,Milos,4700000,3400000,490400,2500,1300
greeicybaila,Greeicy ,8000000,4600000,494700,1400,1300
cocinaconcoqui,cocinaconcoqui,1600000,2600000,347800,1100,5600
gustavomeloof,Gustavo Melo,4400000,2400000,135200,3800,14800
mariajosegi,majo,1400000,2500000,516300,2700,2000
donday,Don Day,3900000,6100000,356900,1400,1400
joslum,Jos√© L,10300000,3100000,539600,2200,1400
magicnonik,Magic Nonik,2200000,5200000,559400,1200,803
thetortoisewhisperer,Tortoise Whisperer,5300000,3100000,339200,3000,2700
sammy_dao222,Sammy ƒê√†o,2200000,2000000,316700,7500,1800
dementekovacs,Martin Kovacs,2000000,2300000,431100,3000,3000
ahmdpubg,ÿßÿ≠ŸÖÿØ ÿ≥ÿ®Ÿàÿ±ÿßÿ™ ÿ®Ÿàÿ®ÿ¨Ÿä,206600,6400000,131400,3000,4000
koolkuntkaz,kara,282500,2900000,451500,2700,1800
anokhinalz,–ênokhina Liza,33500000,3600000,403800,3500,560
murphslife,Aaron Murphy,3700000,2000000,237400,3600,8900
jaywheeler,Jay Wheeler,4600000,1900000,328400,3500,5900
skaijackson,Skai Jackson ü•∞,19500000,2400000,492800,3400,1600
marianna.balsamo,Mariannita üëë,1300000,7200000,420400,1100,770
lucaslopezvilet,Lucas Lopez,2400000,2000000,257300,2200,9200
twohottakes,Two Hot Takes,2600000,1800000,304700,8900,1500
farhakhalidi,Farha Khalidi,1200000,3000000,282200,5100,1600
egorkreed,–ï–≥–æ—Ä –ö—Ä–∏–¥,11800000,3300000,362200,3400,1400
zoekanolnot,zoe,1400000,1100000,306700,4800,11600
itsmenicksmithy2,Nick Smithyman üòé,8400000,3300000,330100,2800,2200
jojohfsex,fullhyp3,1200000,2600000,345300,3800,2400
zusjeofficial,ZUSJE,6900000,5900000,315000,2100,840
simplesmentenoix,Simplesmente Noix ü•∞,6100000,3000000,433900,3000,1200
lupillafran,Maria Guadalupe,398800,2900000,336600,3100,2500
otakoyakisoba,otakoyakisoba,13300000,3800000,308100,2100,2500
wren.eleanor,Wren & Jacquelyn,16800000,3000000,383100,2200,2400
soylamorena,La Morena,6000000,2100000,211500,1800,10200
kikakiim,Kika Kim,27700000,3100000,407200,2700,1500
azizxj,Quran recitations -,866800,959700,213200,10200,15600
renpc_,renpc_,2500000,1800000,313100,2100,7500
maxthemeatguy,Max The Meat Guy,3200000,4200000,441800,1200,1600
fishingarrett,Fishingarrett,1900000,2100000,322300,3200,4400
pandasakha,PandaSakha,3000000,6000000,238600,2500,1100
internetfunny,INTERNETFUNNY,1900000,1700000,423900,1900,5100
larissagloor,ùóüùóÆùóøùó∂ùòÄùòÄùóÆ ùóöùóπùóºùóºùóø,2000000,1500000,302700,8000,3200
rug,FaZe Rug,8700000,4300000,382400,2200,924
kulinaria.recetas,AGUS LIPORACE,2200000,2100000,182400,469,12700
steven_he,Steven He,4400000,2000000,298800,2400,6300
gabifaye,Gabi Faye,10200000,5000000,249600,1300,2700
matheuskriwat,Matheuskriwat,9300000,2900000,267500,3900,2600
frontal,FrontaL Gaming,945500,2300000,233800,5700,3600
kbandkarla,KB AND KARLA,758100,1900000,272100,883,9000
dylanswagmoney,Dylan,5000,701600,391600,8100,10000
ashkaashh,Ashaley ü¶ã,2400000,2400000,282200,3200,4100
yourdogsbestfriend,Your Dog‚Äôs Best Friend,697200,1800000,285000,2700,6900
cerenyaldz,Ceren Yaldƒ±z,9000000,2100000,169300,12000,1800
cyrusdobre,Cyrus Dobre,9500000,3900000,268000,3800,893
juaniquilador,JuanSGuarnizo,7300000,1800000,333800,6600,1500
vincentgiganteee,Vincent Gigante,2000000,2400000,284500,2000,5000
mattcolbo,Your Friend Matthew,211400,912700,454400,2800,8800
emiliamernes,Emilia Mernes,2000000,3500000,509000,1400,1300
initiaraandini,tiara andini,3700000,3300000,363500,1800,2200
coleandersonj,Cole Anderson James,1100000,1900000,311400,2700,5300
la_lerma,LERMITA,10900000,2700000,384200,1200,3300
niti3_,Niti3_,1500000,2500000,380200,1900,3100
stellajero16,Vester Ajero,1000000,1200000,246300,13600,2100
willikatiana,willikatiana,2800000,3900000,225300,4800,437
fedevigevani,Fede Vigevani,12100000,2000000,372400,5500,674
edmatthewstokky,Ed matthews,528000,2500000,226300,3900,4200
brawlstars,Brawl Stars,3700000,1700000,213400,10800,1800
cierraramirezofficial,Cierra Ramirez ,1200000,2900000,469700,1200,2100
ramizeinn,Rami,13300000,3800000,279100,2700,1600
la.maraaa,LA MARA,5600000,2800000,501900,2800,422
joejonas,joejonas,4900000,1900000,249300,2300,7200
riaricis,Ria Ricis,24700000,3900000,373200,1600,1500
pacodemiguel,Paco De Miguel,6200000,1700000,236600,1800,9300
lglinh138,haha,32600,1500000,185100,9200,6900
naple_13,‚òÜAwys‚òÜ,187400,4200000,47000,11500,11200
anardreams,ANAR DREAMS üíé,14300000,4500000,146300,5500,1300
machikayt,MachikaYT,11600000,3000000,368200,2400,1600
alena_sahnova,‚òÜùë∫ùë®ùëØùëµùë∂ùëΩùë®‚òÜ,12000000,4100000,389600,1300,1400
doge_g,:),292500,1400000,284000,1700,9200
calebcoffee,Caleb Coffee,10300000,2700000,408500,3100,840
rosalia,La Rosalia,15600000,3100000,460000,2100,978
frankiefictitious,Frankie Fictitious,1100000,3300000,969400,727,626
thinhung99,Th·ªã Nhung,5600000,2800000,345500,3200,1300
judiitharias,Judith & √Ångel üôãüèª‚Äç‚ôÄÔ∏èüôãüèΩ‚Äç‚ôÇÔ∏è,15400000,5100000,471200,1300,475
nazdej,Naz Dej,7300000,3100000,253600,2400,3200
nick.digiovanni,nick.digiovanni,8200000,2900000,416800,2300,1200
itayvargas,Itayvargas‚ú®,17200000,1600000,330400,1800,6100
damedamian,Dame,4200000,1600000,644400,2100,1900
morimura,MoriMuraüçï,5800000,1700000,349600,3400,3600
lgndfrvr,LGNDFRVR,15400000,2900000,276000,1600,3600
dababy,Dababy,6500000,1900000,314900,4900,2200
jaxwritessongs,Jax,8100000,1800000,252200,4800,4600
ava_love33,Ava Love,2600000,2600000,396600,3200,758
francis.bourgeois,Francis Bourgeois,2200000,2300000,244200,2400,4900
charlyokei,Charlyy,3500000,3300000,349000,2300,1200
oli_natu,Oli Natu,7200000,3200000,414000,1500,1600
myggglf,meyes,186800,3400000,211700,4100,1500
oblomoffrecipe,oblomoffrecipe,4900000,2700000,235800,1500,4800
interesting.thingsz,News For You üåç,3700000,2700000,313000,3400,1300
yefersoncossio,Yef,10300000,4400000,395000,1500,804
elinaageeva,ELLI,1800000,2300000,337200,1100,4100
official_eudy,Eudy,6900000,983100,317800,4500,8100
dez.thelez,Dez,2700000,1300000,316400,2600,6900
theevaelfie,Eva Elfie,3600000,2500000,192100,6300,1800
hotramyun,Hotramyun,669000,3800000,457000,1700,551
ryanbakery,ryanbakery,996800,2000000,268800,3400,3800
joesantagato,Joe Santagato,1300000,1800000,200600,1700,9200
priimoraa,Prii Moraa,12300000,3000000,476700,1700,1000
tunico80,üå†Antonio Tononüå†,5200000,2400000,302000,2600,2800
boywithuke,boywithuke,3400000,2300000,322300,4100,1000
jacobsutherland,Jacob Sutherland,346800,1200000,264900,4400,7500
mimiermakeup,Mirta Miler,13100000,3500000,473500,1700,567
infinite,Infinite,7000000,3400000,295900,3000,754
payton,‚Äúpayton‚Äù,15300000,1600000,223900,6900,3400
asyrafjamall,A T A P,1900000,5000000,241000,886,2200
matheusevitoriaofc,Matheus e Vitoria,6400000,2700000,247800,2500,3000
veydi_rush,veydi_rush,7600000,2500000,355700,1300,2800
fedez,fedez,5100000,1400000,303200,2100,6500
wasyanka,–í–∞—Å–∏–ª–∏–π,2200000,2600000,141800,1000,9000
augustogimenez,AugustoGimenez,11400000,3000000,398100,2000,973
anggun_mans,anggun‚ú®,12900000,5600000,197900,2100,1200
jigpx,Jigar Patel,4900000,2400000,219300,5700,1100
dillajaidi,Dilla Jaidi,989600,2800000,365600,2000,1600
_vincealarcon,Vince Alarcon,5500000,4600000,364200,1100,1000
rubentuestaok,Ruben Tuesta,9600000,3500000,274800,914,2800
romanlolo,Roman,702700,1800000,399500,3200,1700
sibenitoo,SiBenitoo,4400000,2700000,231900,2700,3100
larrywheels,Larrywheels,1400000,1900000,205700,3000,6000
qwer_roblox2,[pro] [sarwg]üõê,10700,954300,217600,11700,5300
xobrooklynne,Brooklynne :),10700000,2400000,286900,4600,465
sveta.marcel,–°–≤–µ—Ç–∞ –ú–∞—Ä—Å–µ–ª—å,3500000,3600000,285500,1400,2000
madelineaford,@madelineaford,1500000,1500000,665200,2300,1200
djsandyremix,djsandyremix,175700,2300000,207800,4700,2600
jarvali,Jarvis,2100000,1600000,384200,3600,2100
monika.kociolek,Monika Kocio≈Çek,2500000,1600000,267400,6300,1900
hellmanretailgroup,Hellman Retail Group,4100000,1800000,212800,7600,1800
jrayssaleal,Rayssalealüíö,4400000,3900000,277700,2600,600
ugolord,‚öñÔ∏è The TikTok Attorney ‚öñÔ∏è,4900000,3200000,176200,5700,514
antrobo10,Anthony,337100,1200000,169400,4000,13600
dermdoctor,Dr. Shah,12600000,4100000,216100,1000,2900
zakuryy,Isaac Kururangi,288300,1500000,203800,2500,8800
nicholas_crown,Nicholas Crown,1300000,4000000,633700,818,556
lukman_nj,lukman nj,3300000,3400000,315400,2600,631
leidys_sotolongo,Leidys Sotolongo,11200000,3200000,408600,2000,572
bsnano1,Nano,11300,2000000,254800,3400,3300
dagibee,dagi,1000000,2500000,334200,2200,2000
jensjulius_tejlgaard,JensJulius Tejlgaard,440300,2500000,174000,1400,6400
lourdasprec,LOURD,8500000,1000000,302300,7000,4200
gianlucavacchi,Gianluca Vacchi,21400000,3400000,255800,2500,1400
garyowencom,Gary Owen,1900000,2000000,202600,1200,7300
itsizail,Izail ‚ö°Ô∏è,4700000,1300000,209700,7600,4600
anthonnyswagg3,anthonnyswagg,8100000,2300000,220000,3000,3800
carloscastroes,Carlos Castro,10100000,2600000,289600,551,3900
suavexavier,Savvy,10500000,3000000,247700,2200,2300
cos_s1,N COS,22300,1700000,179400,3500,7400
kkarrrambaby,karrambabyüíï,14000000,2800000,441000,1700,1000
leanadeeb,Leana Deeb,3500000,2700000,407100,953,2000
gabimfmoura,Gabriela Moura,7000000,2600000,329200,1500,2300
ox_zung,ÏõêÏ†ïÎß® WonJeong,39100000,2700000,320600,2900,942
gb0012,gb0012,1700000,2000000,222800,3800,3600
laurathesimp,mommy sage,706400,1800000,285100,2500,3900
barisresmiii,barƒ±≈ü dada,11500000,4200000,234000,2300,1000
ikendrena,Meike,6700000,2600000,393900,2700,524
joshrichards,Josh Richards,25600000,2400000,366900,2200,1500
adamw,Adam W,15400000,2800000,304300,1300,2500
tylerashtonn,Tyler Ashton,4000000,1400000,222100,8600,1700
preppyclaws,preppyclaws,2700000,1600000,220500,8300,1100
hasanmucci,hasanmucci,1600000,2900000,181900,2900,3200
littlejem4,LittleJem,1800000,2100000,302600,3800,1200
rockstar.bosa,B O S Aüêê,1800000,975100,256800,2900,9800
nabela,nabela,7200000,2600000,411900,1600,1400
rawanfahmii,rawan,3300000,3900000,274800,1900,1100
faryanggaa,Ryann,3700000,1700000,339000,4100,1400
gordonramsayofficial,Gordon Ramsay,30900000,3000000,267800,2800,1100
danivallem,Dani Valle,3300000,1600000,116100,765,16200
louuuyoung,louuuyoung,467600,1100000,155100,4300,14000
gorowok21,MAFIA BANGLADESH,352800,2100000,202200,5600,1800
thatlittlepuff,ThatLittlePuff,22900000,3300000,397600,1200,1200
milaalawiyah,Mila Alawiyah,3800000,4000000,401700,1300,613
nattinatasha,Natti Natasha,14300000,2800000,352500,1700,1500
los_escachaitos,Los_Escachaitos,2600000,2400000,198900,3300,3200
annaxsitar,anna x,11500000,3500000,537300,835,803
kingsalmanan,Doni salmanan,828500,4800000,336800,0,1900
raulbazanm,Raul Baz√°n,4200000,4100000,247800,1600,1500
lexychaplin,Lexy,2900000,2100000,338800,3600,739
lucasvarelaaaa,Lucas varela,2300000,1600000,219800,955,7700
mariabecerra_22,Maria Becerra,5600000,2700000,358200,2100,1100
jailyneojeda,Jailyne Ojeda,16600000,3400000,299500,1600,1400
khonpetch56,‡∏Ç‡∏ô‡πÄ‡∏û‡∏ä‡∏£‡∏ö‡πâ‡∏≤‡∏à‡∏µ‡πâ,3100000,2300000,206200,2500,3800
magaly.rds,Magaly Rodriguez,495600,3000000,310200,2300,928
crisdevilgamer7,CrisDevilGamer,4200000,2000000,324100,4000,598
lizzy.schneider,Lizzy Schneider,243300,2900000,489100,996,1100
agelo_9,ÿπŸÇŸÄŸäŸÑ üë®üèæ‚Äçüíª,536200,1400000,130700,7100,8600
volvydooya,Volvy,650300,1600000,342600,2300,3200
katkatyeah,KATKATYEAH,908200,3000000,425600,1300,1000
datvilla94,üî•ƒê·∫°t Villaüî•,3700000,2200000,228000,4100,1900
superjekitaa,Jeka 24,2900000,2100000,324600,3700,573
ianboggs,IAN,10200000,3100000,371500,2300,264
emilymariko,Emily Mariko,9400000,3600000,325200,1500,916
lossiblings_,Lossiblingsüç≠,22000000,2700000,347000,1800,1300
beca,Rebeca Barreto,20900000,2300000,287400,3000,1300
schrodingerlee,lee || shower stomper,1100000,2500000,356100,1600,1600
owen.han,MANGIAMOH,915400,2900000,210700,941,3800
apple,apple,1200000,34300000,147100,0,565
avani,avani,39700000,2000000,311300,3200,1300
ajravsss,Aj Raval,8000000,2700000,355300,2300,626
tootymcnooty,TootyMcNooty,6600000,1500000,323400,1900,4100
dustinvogelbacher,Dustin vogelbacher,624200,1300000,78300,1300,26300
rachsullivan__,Rach Sullivan,1000000,3200000,387200,824,1400
linhkool1993,Linh Kool,4200000,4300000,323300,1400,598
420althea,althea,1200000,1600000,224300,4600,3200
lonely.moods,:),354500,815500,214000,5400,10600
yamandihati,Yaman Dihati,267700,2700000,78900,8200,4800
cauamacedo,Cau√£ Macedo,10000000,2000000,292300,4400,425
mattiastanga,Mattia Stanga,2200000,1300000,215000,1700,8200
annemarie,ANNEMARIE,6200000,3100000,366000,1900,526
_nch04,ùêçùê†ùêÆùê≤ùêûÃÇÃÉùêß ùêáùêöÃâùê¢,4600000,4400000,302400,1300,746
r.rikiansyah,RANS || ùêèùêëùêÑùêíùêÑùêì,1900000,1100000,154600,1500,14500
rudy_willingham,rudy_willingham,4300000,3500000,303600,490,2100
bikedasher,Patrick,903100,3600000,338700,1500,773
rauwalejandro,rauwalejandro,8000000,1800000,303700,3700,1200
thatrachelharper,Rachel Harper,461200,1300000,204800,928,9100
jonata_26,Jonataü§©,3300000,1800000,296900,1300,3700
luancarvalhosc,LUAN CARVALHO,159800,1100000,231200,6900,3500
outofcontextskyrim,outofcontextskyrim,72400,1500000,184000,1800,8000
wuesilva,Wue Silva,10200000,2200000,244800,2900,2200
karll9_,Bantu follow ya tq‚ù§Ô∏è,755400,2800000,187300,3000,2100
yimotapir,YIMO,3200000,1200000,165700,1200,12200
na_xapaktepe,–ê–ª–∞–Ω –ì–µ–¥—ã–≥—É—à–µ–≤,3900000,2200000,109200,554,10500
kristenhanby123,Kristenhanby,9500000,3900000,262600,769,1900
borisao_blois,Borisao Blois,2900000,2300000,218300,2400,2800
duolingo,Duolingo,2900000,1500000,253600,4100,2900
marxff_,marüíò,987300,2000000,206500,5500,953
popokbolong,PARHANCUK!,1600000,1700000,322800,3200,1600
jimmydarts,Jimmy Darts,5400000,1600000,261600,5200,1100
pes_strange,–°—Ç–∏–≤–µ–Ω –°—Ç—Ä—ç–Ω–¥–∂,8500,1800000,177400,285,8000
teddycollects,TeddyMC,194200,2000000,242300,2600,3000
moni_lina,MoniLina,14300000,8700000,159300,474,1400
soysuco_ff,Suco Ismael,3400000,2100000,302600,3700,412
casaltoxico,‚ú® Casal T√≥xico ‚ú®,5800000,2300000,336200,2000,1400
nada_m7amed,ÿØŸàÿØÿßü¶πüèªü§ç,5500000,2400000,252500,2500,1900
lynaperezxo,Lyna Perez,8000000,2600000,311500,1600,1700
daveardito,Dave Ardito,8200000,1900000,323000,1900,2300
kokoobetz,Koko,493500,1600000,291000,1200,4400
oldtimehawkey,Old Time Hawkey,4800000,1500000,268600,3300,3100
babehojol,Ary,1200000,1900000,214200,2400,4000
somi_official_,JEON SOMI,5500000,1700000,429300,2900,624
ivanovik.83,ivanovik.1983,172700,2300000,91500,1100,11100
avanireyes,AvaniüëΩ,3800000,3000000,134700,4900,1400
4yilol,ayilüßÉ,34800,1600000,267400,1700,4300
lorengray,Loren Gray,54400000,2400000,354800,1500,1400
countingschleeps,blake,2000000,2200000,378200,1400,1600
eddievr,Eddie,9000000,3400000,367600,1100,917
acrylics.baby,AcrylicsüíÖüíÖ,154200,2600000,273700,3000,540
mispastelitos_,Mis Pastelitos,8600000,2400000,399200,1200,1400
nathypeluso,Nathy Peluso,5000000,2300000,388000,1700,1100
dyaahh19,AURA Dyah,6700000,2600000,98600,9600,385
qpark,Q Park,29800000,2300000,190300,2500,3200
bluefacebleedem,Blueface,8800000,2300000,293200,2300,1400
gilmhercroes,GIL CROES,35000000,3300000,171000,2000,2400
marisol.viola,marisol viola,815400,2100000,220200,2300,3200
spider_slack,spider_slack,30000000,3500000,279300,1400,1200
attahalilintar,Atta Halilintar,9400000,3000000,341700,1600,795
alongcameabby,Along Came Abby,3300000,1800000,195800,1800,5400
foodtimecali,Juan C | RECETAS FOODTIME,3500000,1800000,129000,311,10300
livvy,Olivia Dunne,4800000,2400000,279800,2200,1400
ingratax,ingrid,14100000,3000000,483300,1300,429
meredithduxbury,Meredith Duxbury,14800000,3100000,398700,1600,412
r___.89,ùëÄùëñùë†ùë°ùëíùëü ùëÖùëíùëíùëöùëé üòæ‚ú®.,2900000,1900000,267200,3100,1700
seungbin030708,ÏäπÎπàüç•,4400000,3300000,350600,1400,681
herranwalt,Herr Anwalt,4900000,1700000,208600,4000,2900
jaccleexs,‡∏à‡∏±‡∏™‡∏°‡∏¥‡∏ô‡∏ä‡∏≠‡∏ö‡∏Å‡∏¥‡∏ô‡πÅ‡∏ã‡∏•‡∏°‡πà‡∏≠‡∏ô,3800000,2600000,461000,1700,375
justthenobodys,JustTheNobodys,6700000,1800000,195000,2400,4500
hallebailey,halle,712900,1500000,301100,4100,1300
jamal.jamael,Karim Jamal,2500000,1700000,228000,3100,3100
abrunalouise,Bruna Louise,4400000,2100000,317500,951,2700
williwhey,williwhey,7500000,1900000,229400,1400,4100
briggi_bozzo,Briggitte Bozzo,20000000,4900000,430300,539,600
pablitocastilloo,pablitocastilloo,4000000,1700000,162900,1100,7900
emilyfauver,emily&ella,3000000,2200000,344100,1100,2100
polinka_girla,–ü–æ–ª–∏–Ω–∫–∞,4300000,3400000,329700,1300,823
discord,Discord,2900000,1700000,292900,4100,735
camilo,Camilo,27300000,3300000,284600,1200,1300
dadansapta_irwn,DADANN,1300000,1400000,187100,4100,5000
mikasalamanca,Mikslmnc,9700000,2700000,302900,1400,1500
benoit_chevalier,Beno√Æt Chevalier,8000000,1600000,177700,4000,4300
soyalexquiroz0,soyalexquiroz,4900000,1800000,267400,1600,3300
panarinkaa,–ö—É–∫–æ—è–∫–∏,7000000,2600000,345300,1100,1500
esperansagrasia,Esperansagrasia,1600000,1300000,226300,1500,6500
kopke613,kopke613,3500000,1200000,142200,1900,12500
leirbag____,LEIRBAG EL FARA√ìN,1400000,2300000,140700,2200,5100
marianne.la.mesera,Marianne üç∏,2800000,2100000,493600,1300,935
shawnmendes,Shawn Mendes,8400000,1200000,242100,4100,3800
gavrilinaa,–Æ–ª—å–∫–∞ –®–ø—É–ª—å–∫–∞üï∑üï∏,15800000,2300000,275300,2000,1700
alitaalvarez5,Alita Alvarez,7900,1200000,94100,2300,18200
pipepunkoficial,Pipepunk,991200,1800000,397800,573,2700
benkielesinski,Ben,2600000,1500000,296800,3400,2000
heymynamesluna,Luna The Pittie,4300000,1500000,176400,1400,7300
_canalf,ü¶Å Can Yƒ±ldƒ±rƒ±m ü¶Å,1800000,2600000,220800,3500,544
andy.and.michelle,Andy & Michelle,2700000,2400000,224200,1600,2800
mydaddysteve,Steve,635100,2000000,234300,1900,2900
savv.labrant,Savannah LaBrant ,29200000,2600000,377300,1800,491
pekruuu,pekruuu,1500000,1400000,205400,3500,4400
lagaitagaitan,Carolina Gait√°n (La Gaita),4700000,3300000,278400,1400,1100
ayaatanjali_,Ayaüòç,5600000,1800000,293300,3100,1200
jeromepolin98,Jerome Polin,3900000,1200000,226300,6900,1500
hmzahbate,ÿ≠ŸÖÿ≤ÿ© ÿ≠ÿ®ÿßÿ™Ÿä,3300000,4100000,246300,1200,1000
vzelivx,vzelivx,731300,2100000,271200,2600,1300
noordabashh,noor,7900000,2000000,394900,1400,1400
padre_patrick,Padre Patrick Fernandes,2200000,1100000,162000,1800,10600
tiahranelson,T‚ú®,3700000,2100000,284700,2100,1600
keshi,keshibeats,684100,1600000,266700,3100,2000
nickandcarrie,Nick&Carrie,5000000,2600000,339100,1100,1400
vivi,Vivi,9800000,2300000,287500,2700,642
fiersabesari,Fiersa Besari,1500000,1100000,140800,1100,12500
royroy1228,Leeroy Wong,59700,1300000,157700,6100,4900
saesiii,saesi üí•,4400000,3300000,178400,1200,2500
lilyachty,lilyachty,7800000,1800000,244400,2700,2200
brodywellmaker,Brody Wellmaker,18400000,2000000,257900,1800,2400
dontstopmeowing,Kareem & Fifi,8800000,2300000,271400,1500,2000
gevids,GEVids,10200000,3300000,188400,2600,854
fahmi.nm,Fahmi,7000000,2300000,284400,2400,883
buithanhtuyen2003,üåüùêìùêÆùê≤ùêûÃÇÃÄùêßùêóùêÆ ùêìùêïüåü,1600000,2100000,315300,2800,406
semiraminta,Yeliz Korkmaz,11100000,2200000,153700,5800,480
nufc,Newcastle United Football Club,791600,1200000,180900,5100,4600
fortnitekanal.exe,Fortnitekanal.exe,1100000,1400000,179400,7000,1500
yizaroff,YIZARO,3500000,2100000,305500,2500,758
zdotss,ZDOTSS,801600,1500000,197300,2500,4600
baldybrobryzxz,celloszxzüßëüèª‚Äçü¶≤,10100000,3200000,279300,2100,260
ererervin,{Ervin||ùôéùô§ùôõùô©ùë©ùë∂ùíÄùë∫},77600,2300000,250200,2300,1400
mexicocookingclub,Calixto Serna,10100000,2000000,222300,1800,2900
theawesomelawsons,Whitney Lawson,2700000,2100000,261500,1500,2300
hansdowel,Hans Dowel,4100000,2100000,284900,2200,1300
jayandsharon,Jay & Sharon,1900000,1500000,254000,1500,3900
that_vs_them,that_vs_them,1300000,1400000,190800,4900,2900
miichaelltran,Michael Tran,6000000,2200000,285700,2000,1300
pedrolzc,Pedro,367000,1400000,601200,1600,867
daisykeech,Daisykeech,6600000,2900000,289600,424,2100
julesleblanc,jules,18600000,2100000,389100,1600,871
samplertimes,Lawrence Becker,1500000,2700000,333100,934,1300
kasurita_millonario,Soy_oxma,3000000,1900000,297800,3100,507
itskingchris,KingChristian,15000000,1600000,319500,2100,1900
khaicakhia99,Kh·∫£i C√† Kh·ªãa,3500000,3300000,300200,1700,376
janeydm,‡∏£‡∏±‡∏ä‡∏ô‡∏Å ‡∏™‡∏∏‡∏ß‡∏£‡∏£‡∏ì‡πÄ‡∏Å‡∏ï‡∏∏,14000000,3200000,415400,1300,293
danielthrasher,Daniel Thrasher,1600000,1800000,376500,1100,1900
leohwan,Leo Hwan,1100000,1200000,251400,3800,2900
milligram96,Millie Ford,1300000,1600000,209300,2300,3800
jordanemel,Jordan e Mel,8100000,3100000,185900,1600,2000
michaeloftiktok,Michael Famous Biologist,730200,1700000,230800,3100,2200
erfaina88,Damiano Er Faina,676800,1200000,142000,4700,7700
thehypehouse,The Hype House,19800000,2700000,358500,1700,387
brunoberti,Irm√£os Berti,8700000,3400000,135400,3200,1200
thedumbcatshow,meekael myerz,1400000,1000000,268900,2300,4900
sahponcio,Sarah,1300000,2500000,364300,1400,858
jamesneese2,James Neese,2000000,1200000,149200,6400,4800
genshin_impact_ru,Genshin Impact RU,1400000,968200,259300,4600,3400
saydenseay,Sayden,3200000,1000000,251200,2600,5400
caraos,CARAOSüîÆ,4000000,1100000,310400,3100,2800
bessan_esmail,ÿ®Ÿäÿ≥ÿßŸÜ ÿßÿ≥ŸÖÿßÿπŸäŸÑ - Bessan Ismail,9800000,2000000,183900,3200,2200
_catben_,Catherine Benson,8700000,2100000,222300,2000,2200
footballszone,Football,372600,1900000,231400,1800,2900
john_malecki,John Malecki,286700,4000000,178100,1200,1600
keemokazi,KEEMOKAZI,24300000,2300000,446000,1500,424
cookingwithlynja,Lynja,8900000,2600000,254300,1600,1400
luisasonza,Lu√≠sa Sonza,13000000,1900000,291900,2500,1100
joe.bartolozzi,Joe Bartolozzi,17200000,1700000,292300,3400,578
mrjrs2,MRJR YT,6700000,1700000,259100,3000,1400
giovannidasrimass,Giovanni silva,6500000,2100000,172200,2500,2900
laurensulli,lauren sulli,83400,1100000,201100,3000,5800
anxietycouple,Anxiety couple,10300000,3000000,300800,872,1300
dilaraaduman,Dilara Duman,1500000,3000000,202900,1400,1900
jo1_gotothetop,JO1,320400,1100000,96600,3500,15400
rad.miru,üåú–†–ê–î–ú–ò–†üåõ,8400000,5700000,287600,846,351
spicyycam_,Spice The King,17700000,2400000,299100,2100,608
4q2y,ÿØŸÜŸàŸà,852100,2300000,165900,4000,1000
xibibrothers,Xibi Brothers,7100000,2700000,326600,852,1300
in_the_nic_of_time,Nic Suarez,5200000,2100000,297200,2300,766
snarkymarky,mark,4600000,1400000,253600,2900,2500
mikeyyk88,Mikey,176900,1300000,176700,2900,5400
leftistjayce,Jayce,33600,1100000,203200,3000,5500
yousefmousa.1,Yousef Mousa üíô,380900,2200000,130600,2300,4300
ryanhdlombard,Ryan Lombard,7600000,1700000,262400,1100,3300
hoaminzy_hoadambut,Ho√† Minzy,3800000,3300000,291200,1200,744
orange_egypt,Orange Egypt,390400,11300000,101000,788,869
meosimmyyt,M√®o Simmy,3500000,1300000,218200,5500,1100
incorrectlyroce,Roce Ordo√±ez,4200000,1800000,319900,1700,1600
danissntss,danis,182300,1700000,403100,1800,1000
yarenalaca,Yaren Alaca,5400000,1900000,126400,7400,611
galkina_anechka,Galkina Anechka,2900000,3900000,157600,2400,683
noted99,AMOY99,21300,1100000,85400,30,20700
domi.nate,Nate Drew Mollick,936800,1100000,169600,4100,5900
miuka.povs,Miuka.Povs,2000000,2100000,319300,2200,585
zodiac.boyfriend,Zodiac Boyfriendü™êüîÆ,1400000,1200000,188100,2800,5400
kaelimaee,kaeli mae,7900000,2400000,324200,1000,1400
fabiola.baglieri,ùêπùëéùëèùëñùëúùëôùëé,11200000,2700000,384100,1500,265
tasyakamilaofficial,Tasya Kamila,368500,3100000,270800,1200,966
vibez..07,<3,363800,1100000,218800,2400,5300
danisoomin,daniela kim,7600000,2100000,307400,1700,1200
preston,Preston,8900000,2500000,190000,3200,705
xoteam,XO Team,28200000,2900000,309400,1400,661
luvanthony,Anfony ,10900000,2200000,402200,1400,662
mishayoung,–ú–∏—à–∞ –ì–æ—Ä–æ–¥–µ—Ü–∫–∏–π,3600000,2300000,198500,1700,2400
king_misr,üé®ŸÖÿ≠ŸÖÿØ ŸÅÿßÿ±ŸàŸÇ ÿßŸÑÿ±ÿ≥ÿßŸÖüé®,1200000,1600000,156300,3800,3500
dasigantung,Dasi Gantung,4700000,1800000,386300,1400,1200
shehabeldin100,Shehabeldin,6200000,1900000,236100,1500,2500
clearconfused,ClearlyConfused,284900,850700,197500,724,10100
virtualontop.mc,Virtual,130600,1300000,232200,3500,2500
cassholland,Cassie Holland,1200000,3200000,383000,852,630
traphousesports,Depressed Cowboys Fan,1700000,1000000,195400,1900,7400
adhityappeo,Adhitya yappeo,3800000,2300000,360800,1600,620
300_rt,ÿπŸÑŸä ŸÜÿßŸÅÿπ,416200,3300000,131100,3700,459
palmertrolls,Ben Palmer,2400000,2300000,262800,1400,1600
revxte,Revxte,252000,2800000,195100,648,2600
itsniane,niane,1600000,1000000,253800,2100,4900
_goodvibespositive_,Good Vibes Positive,2100000,1100000,151100,933,9800
saniur_muhamad,ÿ≥ŸÄŸÜŸäŸàÿ±,836700,2300000,155000,2300,2700
unique.planet,unique.planet,5400000,1700000,457300,1300,961
jaydafnwayda,JAYDA WAYDA,3000000,1700000,304200,1400,2100
kerri_okie,Kerri,2600000,1200000,140100,8800,1800
indrakenz,Indra Kesuma,5300000,2700000,163100,3700,301
miadio,Mia Dio,4600000,1200000,255200,1400,4400
ajgreene15,AJüì∫,2700000,2100000,288700,855,2100
leanemarts,leanemarts,3300000,1900000,347900,2100,549
jumpersjump,Jumpers Jump Podcast,6000000,1700000,266800,1500,2400
truenorthoutdoors,HOOO-LY THAT‚ÄôS GOOD,781700,2100000,62800,286,13000
gregisms,Gregisms‚Äô Neighborhood,2100000,893200,184800,3600,7100
just_dt,Dt,8900000,1600000,187900,2600,3400
katiavlogss,KATIAVLOGSüêí,13500000,2100000,340500,2000,412
how.kev.eats,how.kev.eats,1400000,2400000,294200,1800,680
flashygman,Canon & Garrett,775600,2000000,252700,1400,2000
tonylopez,Tony,23100000,2100000,281700,2200,733
christiantye,Christian Tye,2700000,1800000,226300,1500,2700
itsjojosiwa,JoJo Siwa,40400000,2900000,313900,1500,374
dobretwins,Lucas and Marcus,34700000,2300000,220300,3100,355
devonrodriguezart,Devon Rodriguez,23300000,3700000,224900,1200,802
stoveraymond,Steve Raymond,1900000,1100000,393100,2600,1300
victormelo,Victor Melo,18200000,1800000,286100,1900,1400
thestradman,TheStradman,3000000,2100000,228000,2300,1300
sofie.hagen,Sofie Hagen,100300,1200000,252700,1900,3600
olivertree,Oliver Tree,12300000,3000000,213800,1400,1200
shoesswap,shoesswap,538300,2100000,360500,1300,908
omervarolresmi,zahitaga,213500,2000000,141100,1500,4400
giangiu88,GiaNGiu,2400000,2100000,231900,1200,2200
pietro_morello,Pietro Morello,2000000,1800000,304600,2100,1000
shenseea,SHENYENGofficial,2200000,1800000,286800,2000,1300
iloveyourmomscatt,,8200,1300000,159300,4900,3300
duvanjimenez,Duvan Jimenez,574500,1500000,153100,1800,5400
cardi_videos,CARDI B,1800000,1900000,196100,955,3500
dariusdobre,Darius Dobre,7000000,2000000,213200,3600,372
lilyxgarcia,Lily Garcia,8200000,1700000,299000,2400,884
rodrigoomarques,Rodrigo Marques,1200000,1400000,347100,982,2400
yourrkayesss,kayess,4600000,1400000,184800,5300,980
flickerspark_,flickerspark_,909400,1800000,373300,790,1600
alexailacad_,Alexa Ilacad,1800000,2400000,272800,1700,857
vietphuongthoa98,Vi·ªát Ph∆∞∆°ng Thoa,9500000,2600000,315700,1700,322
bipbrome,Lena üéè,4300,750700,213400,4300,5900
angelac0123,Angela,2000000,2900000,215800,792,1800
bussdownbusboy,Matteo,14300,1600000,144900,3600,3400
westbrouck,Mattie,8200000,1700000,310200,2300,876
adadieee,Adie,422500,886800,222800,5000,3200
huba333,HUBA ÌõÑÎ∞î,8300000,5300000,197800,821,720
thegoodliars,The Good Liars,1300000,1900000,129600,3600,3200
outtpig,Cameron Perez,1400000,1600000,299400,1700,1800
dictionarei,Reizuka Ari,1800000,1900000,309600,2300,453
poki,Pokimane,6300000,1700000,148600,2400,3900
abrahahamflorestw,Abraham Flores,2300000,1500000,256800,1100,3100
cznburak,cznburak,56000000,2900000,170600,2000,1200
jennypopach,Tik Toker,6100000,3300000,243300,1700,307
galandjosh,galandjosh,2500000,1200000,263900,2600,2600
anna..paull,Anna Paul,1800000,2000000,367700,1600,591
qonitcah,Qonitcah | Health Education,588000,1800000,203700,2900,1400
juanchimy,Juan Lopez,2500000,1500000,319300,2000,1300
vidi.aldiano,Vidi Aldiano,632300,2900000,240800,1500,821
giathilinh,Gia Th·ªã Linh,1700000,3900000,173900,0,2300
soupytime,georgie,5000000,1600000,335300,2000,943
me_viki,ü•Ä –í–∏–∫—Ç–æ—Ä–∏—è ü•Ä,209200,1400000,115700,9200,778
salt_hank,Hank,1800000,2000000,203900,1300,2600
riumbau,Hector Riumbau,2000000,1200000,155300,1600,6700
akngbutaj,gbtparah‰πÇ ùêÅùêÄùêãùêàüëë,467100,3600000,211900,621,1400
hellmoona,üåàÔº¨ÔºµÔº£Ôº©Ôº° Ôº≠Ôº©Ôº£Ôº®Ôº•Ôº¨Ôº¨Ôº•üåà,423500,1600000,337500,1600,1300
sammijefcoate_,Sammi,1500000,1600000,211000,2200,2400
joshcullens,josh_cullen_s,632100,748800,164300,10700,1800
auditydraws,Audrey,13400000,1600000,273800,2400,1100
yun_bao,YUN,6600000,1400000,251600,2500,1900
santosrafaelblog,Rafael Santos,15500000,1500000,334900,2600,485
kiocyrrr,Kio Cyr,9100000,2400000,295100,1000,1100
haositofficial,HaositOfficial,940100,1200000,176300,6000,1200
songsforlittles,Ms Rachel,413900,2100000,217900,1800,1500
annupton.art,annupton.art,147700,1600000,136500,1000,5900
deiveleonardooficial,Deive Leonardo,5300000,853100,86700,777,19800
ygordelano,Ygor Delano,168000,1400000,153900,2200,4800
sole.resell,Sole Resell,1700000,2200000,302600,1300,1000
viajedeamor,Viaje de Amor,257700,988100,48500,538,31100
jadepicon,JADE PICON üå™,5800000,2500000,242200,1500,949
deshawnharrisss,Deshawn ‚ú™,2100000,1700000,225400,2800,1200
luisitocomunica,Luisillo El Pillo,13700000,2400000,265300,1100,1200
anuwattiktok,Anuwat Noom,3200000,1400000,110300,1500,8300
mastercorbuzier,Deddy Corbuzier,1500000,2000000,121000,3300,2800
philipdefranco,Philip DeFranco,656200,1500000,183200,3500,1900
v1ctoryuh3.0,sexy lady,1500000,934300,194800,2500,5600
brigancosplay,Brigan Cosplay,690200,2400000,319400,1000,890
gavinmagnus,GavinMagnus,5000000,2000000,222000,2900,430
lilireinhart,Lili Reinhart,4100000,1200000,235100,4100,1100
jakeandrich,Jakipz / Jake Andrich,9800000,2000000,151000,2300,2600
_inireva,user r,9400,718100,150200,2500,11200
graysworld,Gray,4300000,1600000,218200,1300,2900
tyt_pp,–û–ª—èüë©üèª‚Äçüç≥,686700,1300000,168200,671,6100
vohr,Vohr,5200000,1500000,212500,2400,2400
jauncydev,jonny devaney,1200000,1100000,188800,1200,5800
rebecalemoss,Becca,1900000,1300000,248000,4100,616
riwww,Renata Ri,13500000,1500000,203500,4000,837
cciinnn,CiiN,4500000,2400000,291200,1600,539
b_6x,ÿ™ŸÑÿßŸáŸäÿ™ || üá∏üá¶Yaser .,685200,2200000,115800,3300,2500
juliano,julianofloss,6000000,1700000,231600,3100,605
anitta,Anitta,14000000,1700000,253300,2400,957
daleyzabeauty,Daleyzaa_beautyy,1900000,3100000,86700,144,5200
carew_ellington,Carew Ellington,5900000,1800000,306900,2000,572
paupelaez_, ú·¥Ä…¥·¥á·¥ç…™ è·¥Ä,3900000,1400000,262600,3200,835
moldogaa,moldoga,558500,1400000,170700,4300,1700
mr.sexyguy,Evan Palmblad,3300000,1100000,216100,3200,2800
wayeelkaboy10,Wayeelka boy10,465300,1600000,188600,2600,2300
dersiimx,Dersim üëÖ,2100000,1000000,231500,4600,1500
natalyaericka,Natalya Ericka,592900,990800,219100,2900,3700
mikhail_litvin,mikhail_litvin,8000000,3500000,302400,985,364
moontellthat,MOONTELLTHAT,12400000,2500000,142000,1600,2400
waleedalassal,ŸàŸÑŸäÿØÿßŸÑÿπÿ≥ŸÑ,135400,4600000,106400,227,2700
yacine_kentache,Yacine kentache,631500,1600000,96200,6600,2900
nilocreyes,Niloc Reyes,343500,1200000,117900,711,9000
thaotaotau,Ph∆∞∆°ng Th·∫£o,4900000,2600000,322800,1300,321
linatejeiro8,Lina Tejeiro,3800000,2400000,178500,710,2600
ariwibxwx,Ari.Wibxwx,1400000,2100000,237500,1700,1100
lea_navvab,üíõLEANAVVABÎû¥Î∞•üíõ,2200000,1200000,282200,3200,929
kittygod_cn,KittyGod,5200000,2500000,148300,864,3000
morganpresleyxo,Presley,5000000,1300000,219400,1600,3300
xlilsoup,Soup,1700000,2000000,299300,2100,274
ignaciaa_antonia,Ignacia Antoniaüëë,26800000,2300000,347400,1200,556
tuckot,tuck,2000000,973700,162100,2200,6700
weirdryanstuff,Weird Ryan,1200000,1700000,31000,26400,418
imanthonyvargas,Anthony Vargas,6400000,2000000,321400,1100,1100
homm9k,–•–û–ú–Ø–ö,37100000,2000000,280200,1900,527
sjbleau,SJ,11700000,2600000,302000,1100,615
caioceu,Caio C√©u,5900000,1800000,172800,4000,493
amberromeike,amber,2700000,2400000,296500,959,972
leozinn.077,Leozinn,4400000,2500000,234900,1400,988
namyulenka,Namy,5700000,1700000,335100,1600,847
pr4nce,gabriel prince,1800000,1100000,226600,3000,2500
rebeccazamolo,rebecca zamolo,16600000,2000000,178200,3500,365
slickbartender,SlickBartender,9500000,4900000,188500,1200,313
lilnasx,lil nas x,27200000,1700000,331400,1600,838
cristorata7,Cristorata,991900,1800000,218100,1400,2100
ruroc,Ruroc Helmets,1100000,2100000,218200,628,2300
rayanfahmi,Rayoon,3100000,2800000,231700,870,1200
marianamiamorch,MARIANA,12200000,1300000,188300,4100,1500
aylin.criss,Aylin,16200000,2700000,337200,857,659
aichangemoy_,YT : AiChan TV,5900000,1600000,232900,2900,686
carolinarinconf,carolina,3800000,2100000,214100,1600,1400
taetoowavy,Alantae Nicholas,6800000,1100000,203100,4500,1600
corvii_ff,EL CORVII üç≠,10300000,1600000,259400,2900,307
nilskue,Nils Kuesel,7000000,1100000,249000,3600,1300
jidion,JiDion,2900000,1400000,219700,3500,842
erictro,Eric Tro,1300000,2700000,276800,655,1100
the.drone.guy,üëëKing of the skyüëë,1300000,2500000,273000,1500,399
isareche,Isabella,187900,2000000,311300,984,1100
freeritzyralph,Ritzyralph,850700,1200000,221100,2000,3000
tsezy,Tommy,4800000,2000000,253500,1900,735
madsteaparty,mad tsai,2800000,1100000,210200,4700,1200
kotachumu,„Åì„Åü„Å§@„Éï„Ç©„Éº„Ç®„Ç§„Éà,3400000,2200000,109300,3100,2400
venao2323,YANFRY EL TIERNOüôà,3700000,2300000,173300,1100,2100
sebastiancomedy,sebastiancomedy,442800,1400000,137100,570,6200
storyfilmz,ùïæùñôùñîùñóùñûùñãùñéùñëùñíùñü,75200,1300000,242800,1200,3000
itstalasafwan,ÿ™ÿßŸÑÿß ÿµŸÅŸàÿßŸÜ | Tala Safwanüåµüë∏üèΩ,3500000,1900000,140300,4500,360
theacefamily,Theacefamily,6100000,2500000,290900,0,1800
brotherofcolor,Heyimparis,10300000,2000000,216900,2400,720
ysahcabrejas_,YSAH,1000000,4100000,174800,1400,381
tasiaalexis,Tasia Alexis,3400000,1900000,301700,1000,1200
yskaela,Yaena Yskaela Fujimoto,9100000,2100000,290700,935,1200
ifdhalr.a,ifdhalr.a,10300000,2900000,295900,1200,347
ramonvitor,ramonvitor,1100000,1400000,291700,1100,2000
thelondoncharles,London Charles,5300000,1400000,293400,2000,1200
abdullah_eltourky,Eltourky üëë,6300000,1900000,231400,1300,1600
midnightmood_oficial,Midnight Mood,12700000,1300000,151800,455,6000
maminena0,Mami Nena,3300000,1300000,211600,4000,842
mercuri_88,Manuel Mercuri,17700000,2400000,210500,1100,1500
pizza_kjj,Pizza,978600,1600000,144500,1700,4000
vlad.hoshin,HOSHIN,9900000,1000000,201800,5000,1300
dannygrubs,Danny Kim,2400000,2300000,210800,1100,1600
garett__nolan,garett nolan,12300000,1800000,142000,2600,2300
laserluca,laserluca,3000000,1500000,223000,2200,1600
austinandlexi,‚ö°Ô∏èAustin & Lexi üí•,2800000,1600000,228500,1300,2200
undos,zach,5900000,1000000,268900,3600,1100
treynkennedy,Trey Kennedy,3000000,1200000,138500,921,6700
daniela_giraldo1,Daniela Giraldo,17700000,2400000,360400,1200,288
emirelidemir0,Emir Elidemir,874200,2500000,114700,645,3800
duncanyounot,Duncan Joseph,4200000,1400000,360300,1700,763
jennifer_aplicano,Jennifer Apl√≠cano,747200,1600000,146800,3000,2300
minhnghia13522,‚ú®Min Minn‚ú®,2400000,2200000,264400,1900,289
lil_stace,Lil Stace,5200000,2100000,242000,1000,1400
nicoletv,Kayla Nicole,9900000,2000000,399900,983,583
carloandsarah,,3000000,2600000,177300,662,2100
suaraibra,ùê¢ùêõùê´ùêö,383400,922500,174200,1100,6700
johaanzu,JohaanZu,3400000,1700000,316800,1700,661
lifeofharrison,Harrison,2700000,1400000,489200,1100,731
joerauth_,Joe rauth,4400000,1700000,251000,1100,1900
charlizeruth,charuth,1900000,1900000,250900,1400,1200
dilanjaniyar_2,Emang Dilan namanya,2000000,2100000,248700,2000,357
itssissysheridan,sissy sheridan!,6300000,1800000,320100,841,1300
leleburnier,LEL√ä BURNIER,1100000,1200000,284300,2800,968
sofiadelmonstro,Cat Sofia,5200000,2600000,161200,1300,1600
jena,Jena,10500000,2800000,320300,856,512
christiandaloii_,Christiandaloii_,2700000,1100000,188600,3000,2900
davidgetial,deivis,13200000,2300000,337500,1400,212